Time,Outside Air Temperature,Outside Air Relative Humidity,Solar Irradiation,Heating Water Flow Rate,Cooling Water Flow Rate,TotalEnergy
5/1/2019 6:00,74.94813421,45.97516304,652,11.47079571,52.92148309,2368.259398
5/1/2019 12:00,72.71222221,58.1889649,40175,12.8993313,56.67604372,2492.051721
5/1/2019 18:00,77.30321831,50.84255415,28088,12.54134718,74.26354649,2780.193712
5/2/2019 0:00,79.85800415,47.44079436,147,7.01716635,64.02210066,3356.955541
5/2/2019 6:00,67.2720499,80.01708444,855,13.03895983,51.15708817,2679.355667
5/2/2019 12:00,65.20317618,82.43581931,40572,13.05298554,63.58787786,2325.858735
5/2/2019 18:00,77.43596172,62.81454357,33942,10.94567302,82.65010346,3109.230072
5/3/2019 0:00,80.36261219,47.7817271,130,9.204394188,63.72569805,3547.629259
5/3/2019 6:00,69.23742856,71.37350231,554,12.93112339,53.72203853,2893.024089
5/3/2019 12:00,65.90453413,80.6582364,21741,13.17032113,52.87753508,2542.561279
5/3/2019 18:00,68.74766138,79.11803108,19731,13.17063981,62.63851346,2610.003245
5/4/2019 0:00,72.45767244,65.99260701,131,13.23798071,60.41331206,2855.590682
5/4/2019 6:00,68.09568702,72.37845431,501,13.29752461,51.0604958,2959.560027
5/4/2019 12:00,65.2295262,79.06132995,18801,13.20028398,50.1542715,2406.533177
5/4/2019 18:00,67.88557794,74.01316145,13163,13.26394369,67.80506584,2580.50253
5/5/2019 0:00,70.45287111,65.74478483,126,13.33328429,55.52168634,3021.046262
5/5/2019 6:00,63.87424941,83.41727575,580,13.20244952,40.03662358,2605.901811
5/5/2019 12:00,60.47292466,83.57477972,17985,13.35796857,32.7699745,2073.585105
5/5/2019 18:00,60.15502336,76.38377518,27344,13.36993676,34.44460636,1865.608433
5/6/2019 0:00,65.50428179,59.95281823,238,13.45007209,33.97216211,1978.003228
5/6/2019 6:00,60.55453189,71.75781563,1094,13.36422413,25.80271922,1899.628139
5/6/2019 12:00,55.10616843,78.87922234,51560.89091,13.24837437,29.79918493,1670.97147
5/6/2019 18:00,68.11308326,53.73628298,42434.10909,8.637950891,39.12854505,1756.764547
5/7/2019 0:00,75.7829805,33.48204459,133,1.00E-14,31.47335833,1955.397346
5/7/2019 6:00,70.10014513,47.88497109,1056,1.785987768,32.0653637,1618.045353
5/7/2019 12:00,60.71663978,69.53988356,50482.58491,13.31101852,38.36260854,1825.995138
5/7/2019 18:00,74.33461332,47.75634782,45469.41509,13.11045321,52.07364845,2254.066194
5/8/2019 0:00,82.36976486,35.46072335,235,6.210482611,48.33722756,2697.747896
5/8/2019 6:00,74.26552826,52.68816879,991,9.791858799,45.82835637,2366.448056
5/8/2019 12:00,64.35163985,71.04199086,46001.70588,13.21199852,50.90070868,2373.361161
5/8/2019 18:00,76.15781858,52.21017302,43943.29412,11.65749021,64.00540357,2782.433034
5/9/2019 0:00,85.68911934,35.86909766,251,4.72008272,58.60865524,3034.785055
5/9/2019 6:00,77.45459917,48.2524609,749,7.805822359,59.64549081,2771.76115
5/9/2019 12:00,73.53605408,59.24135182,5460,12.9477673,53.14906788,2746.334045
5/9/2019 18:00,68.49974336,68.84356181,17045,13.22870609,53.28349781,2493.027541
5/10/2019 0:00,67.51529863,76.99248748,192,13.21276151,52.09615723,2674.837387
5/10/2019 6:00,65.8768816,76.48350758,730,13.25744228,45.98307398,2328.268464
5/10/2019 12:00,64.05718756,77.33627902,21193,13.20983642,49.43195958,2274.50321
5/10/2019 18:00,67.04572943,68.81557306,22503,13.28972047,51.77335993,2525.994559
5/11/2019 0:00,68.82624001,62.40151983,114,13.35145615,34.21239336,2512.379462
5/11/2019 6:00,59.38696003,74.60876666,643,13.25751887,28.7718851,1859.412292
5/11/2019 12:00,56.61613777,81.18042003,18770,13.19820562,32.09797992,1849.701612
5/11/2019 18:00,60.38182068,75.10514291,10611,13.2173614,56.5327168,1977.355406
5/12/2019 0:00,66.66915936,73.54836008,187,13.50627161,56.40606562,2803.876608
5/12/2019 6:00,65.32027626,81.73734135,556,13.52007875,34.6128278,2375.592652
5/12/2019 12:00,60.0389727,81.75043774,13887,13.36075656,24.80928726,1728.567516
5/12/2019 18:00,58.98838811,75.09183004,17764,13.29816352,28.0663472,1557.715968
5/13/2019 0:00,62.32345194,62.13469728,217,13.37712824,23.47888125,1617.776869
5/13/2019 6:00,58.03076755,68.29509756,1039,11.85938128,13.75880862,1392.140219
5/13/2019 12:00,52.56028461,73.87431399,38303,0.367360797,14.90430211,584.2258584
5/13/2019 18:00,59.30870162,56.337621,35781,7.88E-15,15.75931331,955.3450027
5/14/2019 0:00,63.18630468,44.24778811,301,7.88E-15,9.475462319,789.4656782
5/14/2019 6:00,56.17077462,58.42641703,1379,7.88E-15,8.878287832,362.7339585
5/14/2019 12:00,48.86412769,73.7086525,51652.06667,12.00220716,10.68888658,719.3923879
5/14/2019 18:00,60.20447938,50.05917189,46016.43333,0.628887819,21.68363594,585.3225324
5/15/2019 0:00,68.61506738,34.87369792,340,1.03E-14,19.62295638,1384.954015
5/15/2019 6:00,62.4594832,50.82573594,1176,1.03E-14,12.94514134,1075.320905
5/15/2019 12:00,54.22688977,69.63563251,21925,1.03E-14,19.98248222,629.1638084
5/15/2019 18:00,56.66444307,72.6644108,26859,7.620504287,36.81511312,1284.531049
5/16/2019 0:00,66.24262328,58.89303684,213,13.12474738,33.29846748,1973.144866
5/16/2019 6:00,63.57252428,67.28604041,1360,12.93476286,27.11966583,1715.007184
5/16/2019 12:00,58.56167475,76.45832263,52375.28571,12.98485503,40.33767777,1540.120758
5/16/2019 18:00,73.1540664,57.8054355,45773.71429,12.67354035,72.30037917,2289.913325
5/17/2019 0:00,85.1863948,43.39892938,337,7.072443512,64.84740951,3176.407334
5/17/2019 6:00,77.81506189,58.95961846,1378,7.229244477,55.58494425,2663.166185
5/17/2019 12:00,71.97232585,65.76832867,51675.76923,13.00296826,67.24664693,2367.975711
5/17/2019 18:00,81.25872061,49.87423007,45046.73077,9.444404337,76.82188977,3081.778513
5/18/2019 0:00,86.69004869,38.99147889,334,4.768611216,63.55409882,3234.179916
5/18/2019 6:00,78.35631413,55.45948569,1373,7.788577033,53.93836673,2680.323616
5/18/2019 12:00,71.16310787,66.74247763,51819.82609,12.70933417,61.77758328,2419.038064
5/18/2019 18:00,82.96013059,49.0868863,44853.17391,8.439231879,70.89619933,2924.328786
5/19/2019 0:00,87.25730462,38.42372523,356,4.547450304,62.97393868,3195.031358
5/19/2019 6:00,79.02449756,50.29704751,735,8.124091016,54.05793042,2785.030777
5/19/2019 12:00,73.84956159,57.36088705,17600,11.20753434,51.52192709,2435.189365
5/19/2019 18:00,74.8050989,54.29631917,13563.74,12.98098528,52.24938718,2591.425214
5/20/2019 0:00,76.83788053,54.65868368,2840.26,12.84317174,53.09424363,2958.875159
5/20/2019 6:00,71.81743337,72.32108319,4040.452632,13.04246832,53.93910008,2789.16127
5/20/2019 12:00,69.54963934,74.26771855,13217.49474,13.18524885,54.78395653,2396.678263
5/20/2019 18:00,69.20433182,70.76026897,22412.27368,13.18614149,55.62881299,2116.323207
5/21/2019 0:00,68.8590243,67.25281939,31607.05263,13.18703413,56.47366944,1835.968151
5/21/2019 6:00,68.51371678,63.74536981,40801.83158,13.18792677,57.31852589,1555.613095
5/21/2019 12:00,68.16840926,60.23792022,57321.39474,13.18881941,58.16338234,1275.258039
5/21/2019 18:00,78.42662492,48.929706,44423.5,10.11409559,59.0082388,2397.203673
5/22/2019 0:00,87.76799817,38.03716013,373,3.237532722,59.85309525,3174.795445
5/22/2019 6:00,80.18569671,51.68545368,1350,7.27842721,60.6979517,3050.661588
5/22/2019 12:00,75.81720479,58.45020543,49643.23077,11.63746622,61.54280815,2758.564102
5/22/2019 18:00,82.55555842,49.46729427,44215.76923,8.702626871,62.3876646,3468.252257
5/23/2019 0:00,88.4823903,39.50337574,335,4.234648135,63.23252106,3535.87683
5/23/2019 6:00,81.64416801,45.12634532,1262,6.296097517,64.07737751,2829.290277
5/23/2019 12:00,75.08939478,52.93355242,49954.78378,11.63332742,64.92223396,2652.9672
5/23/2019 18:00,84.43798468,47.67507569,36521.21622,12.54857577,65.76709041,3871.764831
5/24/2019 0:00,88.97768508,37.46180328,398,3.667681247,66.61194687,3627.171573
5/24/2019 6:00,79.87842422,52.68046988,1543,9.16436398,67.45680332,3194.199861
5/24/2019 12:00,71.61616389,68.4475042,50092,13.14278738,77.95719384,2957.971193
5/24/2019 18:00,85.22026602,48.82269552,41717,8.681185,91.4322266,3570.505093
5/25/2019 0:00,90.33913517,39.90713151,312,4.106859677,86.99249416,3779.57566
5/25/2019 6:00,81.85988066,56.74996784,1335,6.988881757,78.73473634,3519.601853
5/25/2019 12:00,75.48796929,67.8192677,51842.05405,11.06599645,81.22138087,3290.21788
5/25/2019 18:00,85.88789781,47.34891722,44360.94595,8.834679756,83.87503666,3459.390772
5/26/2019 0:00,89.54740175,37.66992172,433,4.431560997,75.98872693,3446.478807
5/26/2019 6:00,81.21924135,53.33032703,1455,7.510395679,72.62134923,3284.062448
5/26/2019 12:00,74.03239462,66.95557102,51205.725,12.52761753,78.8798559,3065.730477
5/26/2019 18:00,86.02306652,46.57196675,47231.775,8.717026836,81.1664824,3475.33761
5/27/2019 0:00,90.6478387,34.07335234,380,4.549644106,78.27403307,3427.017307
5/27/2019 6:00,80.10942109,53.88560862,1521,8.912009272,64.9485454,3391.841876
5/27/2019 12:00,73.89658493,65.1762903,51169,12.08501805,68.8533579,2793.941686
5/27/2019 18:00,86.54909886,46.79262092,37341.5,5.50527016,76.71258174,3114.239915
5/28/2019 0:00,90.13129997,39.73882877,456,1.541278879,78.26494651,3433.941752
5/28/2019 6:00,81.9409629,54.18585645,1641,4.824938628,67.09520732,3165.815095
5/28/2019 12:00,75.77742778,62.46919865,48665.5,8.758387672,72.02756664,2923.053937
5/28/2019 18:00,84.58890311,50.20887989,44720,6.236434304,79.60075315,3316.244724
5/29/2019 0:00,89.80624782,39.93190442,472,2.679439598,78.89294285,3497.901136
5/29/2019 6:00,82.28418944,54.46374957,1536,4.921991716,72.14462916,3286.229184
5/29/2019 12:00,77.85001151,59.28121026,48638,7.096301834,68.44103725,3034.606738
5/29/2019 18:00,85.21910773,47.18699198,45715,2.510737227,68.76530129,2946.53759
5/30/2019 0:00,90.02337668,33.51811992,324,0.615171432,67.97524019,3183.190433
5/30/2019 6:00,80.57663769,45.63163,776,6.325273812,67.18517909,3010.659824
5/30/2019 12:00,72.14681636,60.91783958,17983,12.82745549,66.39511799,2829.79787
5/30/2019 18:00,76.63457161,62.97943963,32496,8.314270202,65.60505689,2915.000418
5/31/2019 0:00,80.82714473,60.74105559,392,6.570736859,64.8149958,3403.116918
5/31/2019 6:00,73.81989458,67.0204268,1733,9.593672408,64.0249347,2903.713513
5/31/2019 12:00,67.84846136,72.52801037,51955,13.0764131,63.2348736,2531.654443
5/31/2019 18:00,78.00810178,44.91395601,37786,10.96236624,62.4448125,2563.957207
6/1/2019 0:00,82.36783854,34.9991009,486,7.065616204,61.6547514,2737.803928
6/1/2019 6:00,74.90661992,53.56331672,1530,9.534857525,60.8646903,2454.969441
6/1/2019 12:00,66.7002661,72.1899467,50868.5,13.14015173,60.07462921,2310.770891
6/1/2019 18:00,77.59745926,49.43131627,44774,10.48659954,59.28456811,2509.618703
6/2/2019 0:00,83.31163555,37.45492284,486,5.589093394,58.49450701,2770.392476
6/2/2019 6:00,75.95837381,54.05866983,1273,8.664103919,57.70444591,2578.215582
6/2/2019 12:00,70.67167091,63.5098869,52164.57143,13.17184944,56.91438481,2302.818836
6/2/2019 18:00,80.88733398,46.5678836,45864.42857,9.0317193,56.12432372,2635.042342
6/3/2019 0:00,85.9356894,37.72564708,525,4.725835853,55.33426262,2872.986556
6/3/2019 6:00,77.79140631,50.76798174,1660,7.505107648,54.54420152,2618.707484
6/3/2019 12:00,69.30765131,55.78320922,53235.58065,13.10860238,53.75414042,2193.933058
6/3/2019 18:00,73.81247944,41.42440203,46140.41935,10.04895161,52.96407932,2223.836272
6/4/2019 0:00,79.50921853,25.59249322,388,2.41E-14,52.17401822,2093.857964
6/4/2019 6:00,73.24138991,32.90619644,1458,2.41E-14,51.38395713,1703.231153
6/4/2019 12:00,65.33973318,48.00718859,37823,2.41E-14,51.05648376,1431.59805
6/4/2019 18:00,76.4094091,39.53036314,34490,8.628597207,61.02966648,2313.84159
6/5/2019 0:00,83.69280232,33.69449769,482,9.997787635,56.66367663,2914.145622
6/5/2019 6:00,77.55163956,46.76373874,795,8.559355425,57.15994877,2674.316163
6/5/2019 12:00,75.56016763,53.34131204,35461.4,12.79006118,62.80784803,2642.546686
6/5/2019 18:00,82.12366507,48.88361984,36878.6,7.464522309,82.84480953,3026.381978
6/6/2019 0:00,89.00767581,43.08844969,419,1.958871984,69.86497238,3325.928529
6/6/2019 6:00,77.56859885,55.85850753,1287,9.102726519,65.71680413,2903.945217
6/6/2019 12:00,73.07674503,68.25402869,19707,12.97131648,65.97444752,2856.961239
6/6/2019 18:00,75.94472716,62.84034061,14827,9.17594462,76.39244657,2935.400472
6/7/2019 0:00,74.91602739,64.9988486,272,9.848890874,76.6690233,3316.386414
6/7/2019 6:00,70.65358935,81.55081272,630,13.18962206,72.76445834,3155.716566
6/7/2019 12:00,69.3397451,88.19455549,14233,13.22136259,73.64859507,3045.521999
6/7/2019 18:00,69.88463529,86.48188739,19822,11.83632687,76.21315617,2910.417109
6/8/2019 0:00,73.02422831,76.89353667,356,13.19081321,78.64065515,3275.425222
6/8/2019 6:00,69.74639225,85.62715944,986,13.24988563,60.07632256,3079.939315
6/8/2019 12:00,69.57300854,86.73005708,30606,13.32879371,62.02915308,2525.798976
6/8/2019 18:00,74.38655122,70.65669531,34915,13.31762497,74.21120644,2784.947604
6/9/2019 0:00,77.56554657,61.43562884,246,7.865862462,74.61550289,3014.549703
6/9/2019 6:00,73.66822052,75.54803869,1021,7.775088158,66.89451292,2919.966621
6/9/2019 12:00,71.8422824,77.45169481,31130,9.831382248,66.46474955,2693.684185
6/9/2019 18:00,76.32858107,68.41491874,38607.5,8.791392088,78.24940999,2837.280772
6/10/2019 0:00,82.89546532,52.4681246,483,5.024319033,78.37084262,3236.918453
6/10/2019 6:00,74.04257467,73.14031686,1302,10.10675087,70.61122052,3077.50223
6/10/2019 12:00,71.58892727,78.88405196,44766.5,13.01792785,70.01544921,2793.530433
6/10/2019 18:00,78.90870741,58.99712674,34774.5,7.956742518,68.95081642,3064.747833
6/11/2019 0:00,75.91473198,52.69849534,751,10.58955324,35.48339754,2920.653549
6/11/2019 6:00,69.51909108,47.72985903,1964,8.239650607,29.58062549,1883.912636
6/11/2019 12:00,62.64984295,58.68079334,48052.5,9.950855692,26.5781956,1648.911122
6/11/2019 18:00,68.83029593,37.34540778,41264,2.82E-14,37.71933754,1703.464252
6/12/2019 0:00,74.16820717,33.17772937,430,0.669279549,37.84290388,1949.679432
6/12/2019 6:00,68.90204525,50.10162905,919,12.80883172,31.69215237,2026.991838
6/12/2019 12:00,62.48188384,63.33378617,31262,13.13743246,36.65248352,1815.532704
6/12/2019 18:00,69.78464137,53.99960915,38707,13.24439794,54.67002869,2155.297359
6/13/2019 0:00,78.02833515,42.59090927,404,12.12324039,40.30479103,2678.366818
6/13/2019 6:00,70.41117287,48.29879257,1739,12.67648284,32.07680461,2032.871065
6/13/2019 12:00,61.92388492,64.77040678,50660.9,13.18271364,34.02669332,1796.687951
6/13/2019 18:00,70.28952991,48.20479812,47025.1,9.230219987,38.77075262,1990.458075
6/14/2019 0:00,74.92165555,30.09688216,745,2.45E-14,27.9112357,1802.709762
6/14/2019 6:00,67.59153721,43.44188089,1876,2.45E-14,20.9882814,1421.621274
6/14/2019 12:00,58.34106567,64.41555156,53377.25,2.45E-14,28.17992768,1198.829966
6/14/2019 18:00,71.59521474,40.22083849,42983.75,2.215961576,39.34360703,1645.075949
6/15/2019 0:00,79.72316509,28.59776269,595,2.46E-14,34.96822839,1927.868084
6/15/2019 6:00,73.266174,43.02471113,1646,6.017738044,37.06709512,1853.424123
6/15/2019 12:00,70.60797193,49.12080219,48041,13.25057749,47.29794947,2044.110766
6/15/2019 18:00,80.98006694,42.11902115,42177,9.348609166,62.66373587,2616.294635
6/16/2019 0:00,86.24500868,38.97643842,496,4.42566816,64.36736064,2923.569148
6/16/2019 6:00,80.32737732,49.37930451,1414,5.534490811,61.43892712,2754.623698
6/16/2019 12:00,75.82312965,58.92503866,49008,8.379401028,73.07780912,2640.291823
6/16/2019 18:00,84.14035288,55.04206276,46319.5,3.83056791,86.68597709,3219.302964
6/17/2019 0:00,89.26764541,43.63675351,575,0.838441024,73.05734025,3434.729609
6/17/2019 6:00,79.93565877,52.37162293,1417,7.313022885,68.78142108,3041.05983
6/17/2019 12:00,73.2357395,76.33790917,33800.33333,8.624724209,76.51990355,2947.975624
6/17/2019 18:00,80.62226889,59.16470003,36750.66667,6.007105215,84.3532166,3156.886598
6/18/2019 0:00,85.43747913,50.04970275,293,3.371448229,78.43896347,3527.959909
6/18/2019 6:00,72.15258047,80.26225906,871,10.0261498,68.68194766,3102.896206
6/18/2019 12:00,69.66919083,83.78993924,22335,12.81257681,70.57768446,2914.770862
6/18/2019 18:00,73.4212371,82.10590532,42121,12.28541863,82.53605737,3205.337251
6/19/2019 0:00,82.58731249,56.94209454,516,4.846952975,94.09346803,3449.231549
6/19/2019 6:00,76.50192335,69.25329441,1234,11.75481472,75.77214114,3596.719367
6/19/2019 12:00,72.39578332,77.44787693,40002,12.91472341,81.94670296,3154.477135
6/19/2019 18:00,80.79214912,62.50984155,40531,7.816746434,96.21199746,3463.521206
6/20/2019 0:00,86.54855431,48.64298863,353,4.381822146,84.64468235,3891.084219
6/20/2019 6:00,71.56054454,85.92939843,1001,12.33871669,70.91918956,3322.993169
6/20/2019 12:00,71.49099392,85.54782306,24888,12.84031773,68.23148553,2956.286403
6/20/2019 18:00,72.96673086,80.59071933,39278.5,13.15078016,85.83982415,3177.897124
6/21/2019 0:00,81.62192504,55.71026235,842,8.70021128,84.12180413,3616.762995
6/21/2019 6:00,74.79281171,62.63572126,1778,12.13288501,57.86072328,3415.663795
6/21/2019 12:00,69.16821681,74.93870343,51056.83333,13.22095562,62.53693098,2585.37131
6/21/2019 18:00,81.48469883,53.20077287,39069.16667,8.554722657,89.03371822,3054.523036
6/22/2019 0:00,88.88851494,46.82980114,477,3.713774419,78.76877366,3725.728642
6/22/2019 6:00,72.50444063,80.79279709,1259,10.98051774,59.77330769,3104.636533
6/22/2019 12:00,69.30647416,85.05775483,25466.85714,13.18712898,73.59069644,2645.871673
6/22/2019 18:00,73.60700247,78.77282577,43380.14286,13.22815013,76.66982524,3241.666329
6/23/2019 0:00,81.79017745,63.32942422,660,5.398277061,80.71083368,3154.639754
6/23/2019 6:00,75.04889965,73.15247313,1256,8.340193957,65.44672494,3079.876173
6/23/2019 12:00,70.95582708,77.18952783,47925.5,13.17165261,77.55677419,2705.653857
6/23/2019 18:00,83.13640987,56.77786393,43065,8.556035237,96.25529109,3466.328366
6/24/2019 0:00,90.6589063,46.32073212,597,0.96157772,79.60303624,3671.901358
6/24/2019 6:00,76.55735175,73.32471138,773,7.583886845,54.41543351,3298.297257
6/24/2019 12:00,72.1760007,82.37203005,25099,5.821690321,57.98400765,2488.515049
6/24/2019 18:00,73.58815363,82.94530386,45328,5.10422542,62.92932505,2724.759388
6/25/2019 0:00,81.38070679,55.75051366,875,3.842935181,57.5177812,3018.122802
6/25/2019 6:00,75.18544165,63.76866844,1736,5.272850437,49.04423322,2759.092632
6/25/2019 12:00,70.36782286,73.95739884,51870.11538,5.79962184,51.51155943,2395.876236
6/25/2019 18:00,81.08772892,55.32496632,46540.38462,4.599610319,54.67032025,2693.334238
6/26/2019 0:00,86.73126189,39.76194949,612,1.051677965,51.67079454,2759.620412
6/26/2019 6:00,79.27152273,57.13498794,1179,3.001894812,52.26057651,2718.095847
6/26/2019 12:00,73.68638886,72.25111029,43202,5.349543711,57.08502626,2634.360072
6/26/2019 18:00,83.38681391,56.30291605,34321,2.083399756,66.8286651,2896.236487
6/27/2019 0:00,86.39067374,46.10177173,718,1.43E-14,60.14348486,3091.036749
6/27/2019 6:00,78.61246904,58.20374054,1596,2.836054332,49.99093554,2806.069809
6/27/2019 12:00,69.80634552,71.82644463,50427.89474,5.83239917,56.19294776,2530.222564
6/27/2019 18:00,81.52787092,54.60848766,39051.10526,4.399540507,63.9524214,3155.929153
6/28/2019 0:00,82.40424262,52.4970266,342,3.610063818,52.67573712,3032.102973
6/28/2019 6:00,68.27224149,86.66430007,1226,5.719410439,48.20792315,2624.150966
6/28/2019 12:00,67.59203815,84.34774886,49521,5.940583024,55.19623057,2412.523112
6/28/2019 18:00,80.76711877,60.45104599,43238,3.40008227,64.60594283,2987.345884
6/29/2019 0:00,88.03429264,42.61539353,764,1.42E-14,60.55405331,3156.071182
6/29/2019 6:00,80.26338609,60.2556874,1587,1.803260111,58.64546516,2945.081275
6/29/2019 12:00,74.09632492,72.28438256,47418,5.001291749,61.06806527,2767.941155
6/29/2019 18:00,83.95301586,50.87985516,46713,3.943794615,62.08668428,2992.556007
6/30/2019 0:00,88.55902841,40.99124718,631,0.092108991,62.36198097,3042.454612
6/30/2019 6:00,81.42655426,57.56009483,1622,2.016942137,58.44645405,3055.709348
6/30/2019 12:00,75.26508649,69.85454559,50983.5,4.461621798,61.56518332,2881.779022
6/30/2019 18:00,84.52259657,54.17211527,38718,2.570115421,66.45972019,3053.119969
7/1/2019 0:00,90.28396257,41.67308691,742,1.44E-14,66.97141923,3115.83573
7/1/2019 6:00,83.561967,54.01721552,1608,0.546480149,56.71018256,3054.29983
7/1/2019 12:00,73.86257924,66.70436859,51744.5,5.33435858,57.41272699,2883.25089
7/1/2019 18:00,83.08671549,51.62490161,48549,3.105486386,64.84636868,3052.921044
7/2/2019 0:00,89.59346506,40.80068461,869,1.39E-14,67.55653561,3229.964233
7/2/2019 6:00,82.61867566,59.58008236,1575,1.39E-14,65.30629947,3122.391167
7/2/2019 12:00,76.19970798,74.40922917,45443,1.567782584,69.01730039,3047.79485
7/2/2019 18:00,87.64704386,52.86933369,38026.5,0.899433007,73.74382957,3253.520728
7/3/2019 0:00,89.5658315,43.83003892,813,1.38E-14,68.77495183,3492.521212
7/3/2019 6:00,83.81205961,57.84141959,930,1.38E-14,65.0897825,3076.968092
7/3/2019 12:00,77.61673811,70.19572968,34115,2.666812234,68.70558214,3013.889012
7/3/2019 18:00,83.55104393,58.29577239,32579,2.412961483,72.86090369,3246.437867
7/4/2019 0:00,84.89688365,61.10927418,732,1.34E-14,68.91173665,3436.988388
7/4/2019 6:00,76.75875579,70.86875428,1290,2.776846257,57.98206112,3174.965923
7/4/2019 12:00,72.53544405,77.26343759,47461.5,5.536284539,63.21936793,2797.085645
7/4/2019 18:00,83.55467478,61.55951293,11829,1.648489075,65.22877757,3044.020783
7/5/2019 0:00,77.36958228,70.11239746,525,3.098534558,62.86134296,2954.942248
7/5/2019 6:00,74.8005228,80.80702527,1340,3.462056057,60.09931824,2892.344824
7/5/2019 12:00,72.89623864,81.11024952,47381,3.948731005,64.61433776,2708.965323
7/5/2019 18:00,85.23575836,60.04069805,32649,1.540631496,69.88144535,3017.392647
7/6/2019 0:00,87.12170209,52.24735652,634,1.35E-14,67.10072613,3159.020645
7/6/2019 6:00,80.11503654,64.66098971,947,0.588258319,60.91799021,2971.445287
7/6/2019 12:00,73.7146777,73.28468386,49737.5,5.161160883,61.83794795,2785.113835
7/6/2019 18:00,84.2757046,56.20476347,29809,2.327976631,70.67900377,3066.294435
7/7/2019 0:00,85.96437306,52.99163257,621,0.263228161,65.4608664,3144.093361
7/7/2019 6:00,77.46394327,72.29581875,1181,3.223998047,63.56858291,3003.880769
7/7/2019 12:00,74.58330409,78.53786469,43249.57692,3.473551191,64.5449668,2847.267085
7/7/2019 18:00,82.13353433,63.66265647,39411.42308,2.102655037,72.25322745,3040.662863
7/8/2019 0:00,87.69162909,52.67718495,639,1.35E-14,65.71200858,3355.301676
7/8/2019 6:00,79.45209779,67.98548767,1468,0.651040577,65.88935264,2950.845246
7/8/2019 12:00,74.99588405,78.68801,49881,3.274882436,68.3773676,2948.157276
7/8/2019 18:00,84.95812268,58.76145506,44304,1.086303522,73.59311973,3303.580001
7/9/2019 0:00,90.93557506,44.12482781,795,1.37E-14,71.51754755,3577.115936
7/9/2019 6:00,83.51023759,59.02206029,1282,1.37E-14,64.61781481,3402.512486
7/9/2019 12:00,77.4403908,70.02493244,49746.5,1.977105227,66.30121411,2936.924853
7/9/2019 18:00,85.52971003,52.51216173,43036,1.224592583,71.44570276,3233.052785
7/10/2019 0:00,91.49474441,40.9212692,808,1.40E-14,68.1930596,3406.164381
7/10/2019 6:00,85.1951171,55.29505968,1316,1.40E-14,67.85225911,3313.96986
7/10/2019 12:00,77.96086809,72.29724969,40355,0.260859536,73.23505645,3155.907915
7/10/2019 18:00,87.46183364,54.31109129,17365,0.130039652,113.4291155,3500.39182
7/11/2019 0:00,82.0741787,73.15897777,283,5.059163766,106.4729981,4685.391836
7/11/2019 6:00,77.99043422,74.78884029,1193,8.909500294,86.12236553,4179.011607
7/11/2019 12:00,75.13988378,75.66143672,39735,9.086938527,90.60892942,3461.106893
7/11/2019 18:00,83.46150345,58.80608956,43958.5,5.439653294,112.0915802,4030.298801
7/12/2019 0:00,90.79396735,47.50470654,723,0.274554332,105.3200518,4341.065759
7/12/2019 6:00,82.82206885,59.39601273,1375,5.651950469,83.56292386,4057.692248
7/12/2019 12:00,75.64187951,72.06491735,46494,6.859638698,87.62617291,3365.068825
7/12/2019 18:00,83.67627652,52.88703865,34244,6.086708784,98.70005809,3916.322891
7/13/2019 0:00,88.65510411,42.10687049,760,4.413283235,88.97062959,4127.947916
7/13/2019 6:00,83.75852924,52.87594181,1066,4.780764192,82.30395836,3607.659656
7/13/2019 12:00,77.67904472,68.17188099,40808.5,5.832784931,93.49750688,3333.903347
7/13/2019 18:00,84.93065315,56.43189028,38502,5.08842753,98.14623748,3896.104116
7/14/2019 0:00,91.23276488,43.68579181,399,0.887621323,89.39456611,3946.000048
7/14/2019 6:00,78.40819105,63.26077731,795,7.042346994,91.45583492,3761.781787
7/14/2019 12:00,74.61397298,75.90702375,14357,8.433053017,92.54559082,3591.014572
7/14/2019 18:00,77.59452703,69.35166841,27952,8.433053017,86.65571456,3480.705622
7/15/2019 0:00,84.06145403,48.90233745,314,8.433053017,81.44361305,3484.443476
7/15/2019 6:00,77.78635767,65.20126147,499,8.433053017,71.68887753,3254.290957
7/15/2019 12:00,73.15936629,74.25251622,21276,8.433053017,74.75229767,2852.477296
7/15/2019 18:00,76.05404896,72.01226939,20478,8.433053017,85.60016632,3122.67108
7/16/2019 0:00,82.16912047,52.79603614,437,8.433053017,76.23107672,3311.209205
7/16/2019 6:00,76.82864677,63.28505018,1054,8.433053017,75.35916768,3011.816153
7/16/2019 12:00,76.619174,68.77296246,40985.45455,8.433053017,85.01034016,3000.061
7/16/2019 18:00,83.47912153,57.53246959,34630.54545,8.433053017,94.86039088,3530.224356
7/17/2019 0:00,86.99037043,48.75381041,534,4.468396366,83.89552487,3796.829745
7/17/2019 6:00,79.28340605,62.55463468,710,6.304420047,79.33971087,3514.346431
7/17/2019 12:00,75.48300701,71.79463683,23956,8.391201026,88.64738263,3088.524693
7/17/2019 18:00,78.54506524,71.74908951,39578,7.268836333,102.8925987,3768.772991
7/18/2019 0:00,87.70348411,53.7096653,694,3.565928015,103.752969,4127.715459
7/18/2019 6:00,80.89163409,67.88067839,866,2.747015138,77.46162107,3711.002954
7/18/2019 12:00,73.49200704,76.28484387,30643,8.07740836,93.81745654,3073.400208
7/18/2019 18:00,82.20360502,63.13651445,20904,5.69753531,94.32242341,4016.633039
7/19/2019 0:00,81.73403952,67.77201986,472,1.354557935,78.11117686,3545.725376
7/19/2019 6:00,76.33905485,81.83968862,1073,0.043431895,55.71924358,2591.473405
7/19/2019 12:00,74.46133794,82.04692925,44700,3.218649172,62.03626929,2361.633166
7/19/2019 18:00,86.20594226,59.34096988,42825,0.876593103,75.00505389,2560.590052
7/20/2019 0:00,92.5048631,44.48355627,570,1.36E-14,75.17642095,3207.229401
7/20/2019 6:00,84.34135691,62.02203274,1086,1.36E-14,64.48062446,3050.451782
7/20/2019 12:00,78.56002416,72.80099636,40155,1.36E-14,65.50203572,2688.853373
7/20/2019 18:00,85.99832227,59.16991488,39420,1.36E-14,76.43293413,2899.30694
7/21/2019 0:00,92.88900916,44.16469489,351,1.36E-14,70.05538654,3171.072027
7/21/2019 6:00,76.42913617,72.07016812,1019,2.351321323,57.51329051,2917.930583
7/21/2019 12:00,72.77203804,78.87552261,14154,5.134222143,58.64916272,2654.591037
7/21/2019 18:00,76.63472313,73.92546982,36447,3.300508247,69.37439177,2734.74617
7/22/2019 0:00,83.89079412,66.35560481,573,1.34E-14,68.308258,2953.25659
7/22/2019 6:00,80.7207826,69.33325598,542,1.34E-14,68.6076214,2938.99205
7/22/2019 12:00,77.03536246,77.63980802,34328,1.34E-14,65.54099327,2717.393795
7/22/2019 18:00,82.85418097,63.85578288,14325,1.34E-14,68.92225181,2990.96867
7/23/2019 0:00,78.54718018,72.32441017,309,1.25330171,58.62757799,2975.156274
7/23/2019 6:00,71.96992503,86.95518504,1077,4.651156091,46.96218991,2654.532093
7/23/2019 12:00,67.55110635,86.0113821,45393,6.111155219,47.33587408,2180.795779
7/23/2019 18:00,72.9113085,64.02935044,44220.5,7.931000789,60.88237916,2636.47869
7/24/2019 0:00,78.33930016,43.79456197,686,13.08361626,52.8921788,3084.990327
7/24/2019 6:00,71.65566487,55.1513496,1128,13.32925275,45.02690686,2647.560242
7/24/2019 12:00,64.9459423,69.47023773,48601,13.36237967,57.92063496,2268.875162
7/24/2019 18:00,75.44554679,49.99399016,47035.5,11.99557192,54.86489667,3070.638112
7/25/2019 0:00,80.61998367,32.71332632,698,3.153547307,48.82819027,2762.053104
7/25/2019 6:00,72.60488796,49.21409194,1140,12.40817946,42.91152016,2487.907487
7/25/2019 12:00,65.17698521,68.06578673,49635.3,13.26111699,56.12486638,2246.249771
7/25/2019 18:00,76.23845408,47.2382164,45709.7,13.22148205,64.51231178,3115.457625
7/26/2019 0:00,82.15973769,33.8266476,630,12.04327895,54.29608197,3217.592194
7/26/2019 6:00,76.69206005,49.06500853,896,9.804240055,53.81547202,2727.527636
7/26/2019 12:00,68.29531108,68.78655619,43759,13.23714501,70.52716329,2570.077951
7/26/2019 18:00,79.79778692,47.63230652,34981,13.41251318,78.38378223,3545.34662
7/27/2019 0:00,85.163693,33.8706904,564,11.7432845,61.16335344,3665.380041
7/27/2019 6:00,78.24425358,54.19488732,1017,7.049205403,60.18944025,2849.77149
7/27/2019 12:00,69.98142476,72.52671146,48792,13.43791544,76.37855217,2698.633701
7/27/2019 18:00,83.20102564,48.00737164,43667,12.46296185,82.16510095,3649.608573
7/28/2019 0:00,88.98553689,36.05268462,470,5.07040751,69.90522099,3623.912664
7/28/2019 6:00,80.49697431,55.7401309,1010,5.243745271,67.26706892,3201.018257
7/28/2019 12:00,72.66515933,71.68048509,46633.375,12.6645766,86.92947578,2973.778034
7/28/2019 18:00,84.54346911,48.62566503,44218.125,9.979894459,72.68157223,3761.368936
7/29/2019 0:00,90.04054695,34.45757781,499,1.09E-14,68.96659687,3054.741869
7/29/2019 6:00,81.28417248,54.06847254,983,4.594776362,69.06521617,3185.854393
7/29/2019 12:00,73.79173766,70.35404735,48358.89655,8.971668382,72.17927625,3001.994458
7/29/2019 18:00,85.61271095,48.52314011,41422.10345,5.766950041,77.11822775,3278.382886
7/30/2019 0:00,89.3995906,37.1836683,367,3.295559552,74.99108526,3502.501152
7/30/2019 6:00,80.52544912,56.33189079,526,5.586105896,73.8589371,3321.046644
7/30/2019 12:00,74.79632113,70.46852027,38666.5,8.505947696,71.03553926,3069.271753
7/30/2019 18:00,80.5060979,59.3689981,34963,6.121252378,69.34198252,3074.936508
7/31/2019 0:00,85.37637541,52.82280954,374,0.401700381,60.92514473,2999.483537
7/31/2019 6:00,76.33602799,76.18704679,940,7.91E-15,58.07182248,2724.189156
7/31/2019 12:00,71.82136292,81.49448003,44496.5,4.211100135,57.64202515,2562.079712
7/31/2019 18:00,80.52946949,57.89511204,31136,1.464600901,63.7839782,2725.543333
8/1/2019 0:00,87.24561479,40.81467512,482,7.78E-15,60.08380318,3203.595871
8/1/2019 6:00,80.2052944,53.15309032,796,1.422725197,53.81444534,2873.36408
8/1/2019 12:00,73.33897856,66.93938377,41820.5,5.49353326,55.65148958,2603.949518
8/1/2019 18:00,80.17983712,55.08922741,40912,2.8217276,63.88506736,2817.552436
8/2/2019 0:00,87.94816144,40.9807264,477,7.61E-15,63.79728195,3099.482681
8/2/2019 6:00,80.15579944,54.72640371,934,0.843982746,56.19964027,2925.432725
8/2/2019 12:00,72.96678024,68.19457081,41570,5.584991071,59.82190095,2685.058065
8/2/2019 18:00,82.33943494,52.45006572,35476,1.941355351,67.11973704,3003.605981
8/3/2019 0:00,87.34128782,43.44584582,428,7.88E-15,61.60857439,3148.722515
8/3/2019 6:00,75.87987529,66.12191582,883,3.624081416,56.22301891,2930.100049
8/3/2019 12:00,71.33751064,75.33513027,43673,5.699742079,60.23378674,2743.324701
8/3/2019 18:00,82.03342544,57.43196291,30060,1.953732444,65.275033,2856.446563
8/4/2019 0:00,84.5059948,49.07104683,241,0.084207889,59.3436016,2952.550108
8/4/2019 6:00,72.63288667,80.45359548,507,5.146770633,58.3897783,2868.870482
8/4/2019 12:00,70.9001521,79.23449114,40417,5.581620024,58.80274222,2724.462755
8/4/2019 18:00,80.35289574,60.88362752,10260,2.340255972,61.49620639,2858.121771
8/5/2019 0:00,72.92829725,79.65610218,373,4.692939166,56.02358664,2759.694343
8/5/2019 6:00,70.67021169,87.12090884,778,6.13271294,51.72189818,2645.546183
8/5/2019 12:00,67.65895579,88.61265829,47413,6.089443763,53.32265684,2366.412563
8/5/2019 18:00,77.95166641,68.59889089,42778,4.037837237,60.1918265,2593.960381
8/6/2019 0:00,86.35632377,41.10700941,417,7.89E-15,58.92533143,2982.930462
8/6/2019 6:00,79.53424486,56.72135268,679,1.699494167,53.82623296,2898.276589
8/6/2019 12:00,72.53995853,73.45494673,45004,5.230188628,57.95576594,2596.313673
8/6/2019 18:00,83.43841065,55.69497924,38404,1.3521997,67.12575944,2845.274345
8/7/2019 0:00,89.0184287,42.87602626,249,8.51E-15,59.59848674,3161.38916
8/7/2019 6:00,72.1842964,78.27139325,757,4.381987562,48.29903502,2693.908619
8/7/2019 12:00,67.69943195,85.26033274,44689,6.269752946,57.45258119,2365.87035
8/7/2019 18:00,80.62510173,70.71803056,36114,2.034330461,70.8164506,2965.214035
8/8/2019 0:00,86.66908667,52.70624288,254,8.67E-15,63.95781422,3237.569973
8/8/2019 6:00,77.75910017,69.60195679,640,8.67E-15,60.25240156,2909.98608
8/8/2019 12:00,72.53398546,77.93630897,38653,2.590960539,60.9686087,2721.050317
8/8/2019 18:00,79.78796938,64.28150574,31268,1.727794177,72.55518474,2946.665587
8/9/2019 0:00,86.42092313,49.3991446,262,8.54E-15,68.02449105,3375.928242
8/9/2019 6:00,80.73632802,64.64914523,536,8.54E-15,66.94781748,3109.386278
8/9/2019 12:00,76.59074073,75.71526432,36784,8.54E-15,66.00703875,2909.514645
8/9/2019 18:00,82.34159141,64.06398641,29736,0.042128215,70.38406404,3029.159339
8/10/2019 0:00,86.43495602,50.6111243,290,8.54E-15,66.32505115,3297.375988
8/10/2019 6:00,80.74832662,66.17391592,503,8.54E-15,63.78352796,3006.241692
8/10/2019 12:00,77.29218642,73.52782027,40414,8.54E-15,66.13705428,2873.152952
8/10/2019 18:00,84.01849005,59.42148256,43050,8.54E-15,67.32020934,3045.918514
8/11/2019 0:00,88.906735,45.01323456,326,8.54E-15,65.05212816,3211.879425
8/11/2019 6:00,81.31340419,56.99472846,631,0.18535973,58.02091858,2942.377522
8/11/2019 12:00,73.1406694,70.92527601,46266.44747,4.970163504,57.59448323,2813.360225
8/11/2019 18:00,82.57615267,54.74608473,58728.32685,2.039081113,65.8603806,2791.633538
8/12/2019 0:00,85.28410551,50.76782536,52051.65759,1.371662068,67.97539602,2872.862541
8/12/2019 6:00,82.13101443,55.40094942,45374.98833,2.926932445,70.09041145,2803.572782
8/12/2019 12:00,78.97792336,60.03407348,51396.86548,4.482202822,72.20542687,2734.283023
8/12/2019 18:00,85.51614097,52.08241789,43459.21429,1.76375195,74.32044229,3064.221863
8/13/2019 0:00,92.11833943,42.46001291,271,7.86E-15,76.43545772,3455.175095
8/13/2019 6:00,84.94957087,62.62148057,646,7.86E-15,78.55047314,3338.567989
8/13/2019 12:00,80.39911652,72.09927368,39950.5,7.86E-15,81.53483588,3142.177017
8/13/2019 18:00,89.62827026,57.68265062,18641,7.86E-15,82.7626543,3568.991894
8/14/2019 0:00,82.87727578,71.72771401,264,7.86E-15,72.55745337,3480.396748
8/14/2019 6:00,75.62924067,86.73221567,646,7.86E-15,62.38025077,3115.222523
8/14/2019 12:00,73.83389399,87.36820857,43158.16667,2.431122366,64.90123537,2794.874726
8/14/2019 18:00,82.40629845,66.64776825,43845.33333,2.981071514,71.11681596,3305.103773
8/15/2019 0:00,87.69638626,37.94156071,303,0.053607349,69.61088461,3469.728489
8/15/2019 6:00,79.30463007,48.63889662,663,2.610587653,68.10495327,2931.528365
8/15/2019 12:00,72.22532219,58.99971241,46861,5.573913448,66.59902192,2747.561148
8/15/2019 18:00,81.75178422,45.6943309,42558.5,3.675347623,65.09309058,3067.83031
8/16/2019 0:00,86.265927,34.32233132,289,0.307377213,63.58715924,3170.112537
8/16/2019 6:00,76.67772791,46.83023548,636,4.955747747,62.08122789,2768.479938
8/16/2019 12:00,69.14291742,61.19395775,47108.18182,6.105944826,60.2619602,2540.598098
8/16/2019 18:00,80.53854762,43.26745998,43257.81818,2.791917202,61.27477609,2788.338659
8/17/2019 0:00,88.83980126,32.22316339,254,-0.014127504,60.21050061,3169.689831
8/17/2019 6:00,80.87964333,47.47981686,513,0.001362743,57.07929065,2984.820638
8/17/2019 12:00,74.2423047,59.13002549,40465,1.124346922,57.58251731,2719.625795
8/17/2019 18:00,82.52674166,46.94984293,36326,0.752456499,63.90496005,2904.782177
8/18/2019 0:00,90.44710202,33.89008517,230,-0.05747178,64.53812763,3130.340492
8/18/2019 6:00,82.97164472,47.55788406,524,6.50E-15,62.09026851,3040.927521
8/18/2019 12:00,74.92477247,60.85266903,46238.33333,0.566139244,60.85165564,2848.845168
8/18/2019 18:00,86.49062898,43.18310271,41787.66667,0.413363223,63.60426124,3008.102091
8/19/2019 0:00,92.79194429,31.13080083,165,-0.137286421,64.66020494,3287.874077
8/19/2019 6:00,83.37086158,45.36400461,441,-0.028990456,63.01375606,3065.773643
8/19/2019 12:00,78.03642008,55.55646303,46039,0.015058205,64.68899849,2819.058723
8/19/2019 18:00,86.59542582,42.7447176,40432,0.013994469,70.53154755,3418.551284
8/20/2019 0:00,92.56341436,31.99993745,195,-0.177514753,70.91481765,3608.199076
8/20/2019 6:00,85.40749433,45.71316544,507,-0.074895723,64.41922781,3362.106071
8/20/2019 12:00,78.32810858,57.72453345,43461,6.60E-15,75.56947088,2854.397453
8/20/2019 18:00,87.53473393,45.40842541,26294,-0.04702879,95.11373848,3229.249376
8/21/2019 0:00,89.17354827,38.95349216,143,0.152744462,81.16977098,3905.470401
8/21/2019 6:00,75.77735064,61.65309276,498,3.610980249,73.2522095,3311.166229
8/21/2019 12:00,73.25211122,64.31781779,45725.8,3.983453151,81.52261882,2938.818992
8/21/2019 18:00,84.22850037,48.6338697,41599.2,2.617475869,98.11314954,3480.261853
8/22/2019 0:00,92.01644421,37.16627275,164,7.15E-15,106.7173651,4000.185299
8/22/2019 6:00,84.47803953,49.48387331,365,0.268238339,98.85574924,3977.574316
8/22/2019 12:00,78.51907614,59.36228106,37924,1.624134756,95.90002484,3674.183121
8/22/2019 18:00,84.80551614,46.94182968,25156,2.10058227,95.43851164,3976.370078
8/23/2019 0:00,83.23034276,48.99128861,132,0.912573619,79.24911266,3728.935911
8/23/2019 6:00,73.52844853,70.45833853,300,2.943371157,74.89822133,3193.839953
8/23/2019 12:00,72.30530039,70.44285266,25709,4.072018206,82.94763374,3067.369985
8/23/2019 18:00,77.64089415,58.81213615,29006,3.62322751,98.43601704,3640.213016
8/24/2019 0:00,84.51456467,44.4001085,123,2.314703514,81.73360009,4264.140538
8/24/2019 6:00,75.48709838,56.38845778,267,3.541101798,62.52431451,3290.106576
8/24/2019 12:00,70.22103786,58.70388985,32500,5.59546672,55.96518442,2781.996141
8/24/2019 18:00,71.99844021,48.34922181,32199,6.269661208,74.43703418,2790.393023
8/25/2019 0:00,80.22126696,44.80748113,69,3.734205931,73.70911037,3499.209205
8/25/2019 6:00,77.16527875,51.6891373,360,3.62905645,62.89036189,3039.4763
8/25/2019 12:00,71.40188789,56.00767989,21422,4.968602803,67.47346507,2765.358154
8/25/2019 18:00,77.08641487,52.14927006,11742,3.74171367,86.54745706,3212.907745
8/26/2019 0:00,77.79328897,54.34679662,44,2.869539486,76.93924416,3512.731623
8/26/2019 6:00,72.66876814,69.1599706,176,3.442926013,67.90295447,3072.532892
8/26/2019 12:00,70.24045308,69.34267214,12260,4.771427959,62.43747033,2752.008868
8/26/2019 18:00,70.77721066,65.80424696,11703,4.815908399,78.88253371,2802.164231
8/27/2019 0:00,73.72531976,57.97106197,71,6.258350227,80.64435906,3362.794905
8/27/2019 6:00,72.55764453,61.40315527,316,5.937499421,66.90623977,3268.722988
8/27/2019 12:00,71.8745966,65.06539244,19754,4.623254038,76.55336438,2775.899614
8/27/2019 18:00,77.12685553,57.63088221,28129,3.595420549,104.5552654,3355.293881
8/28/2019 0:00,83.31409391,47.4063469,66,3.125144631,95.50273334,4237.605682
8/28/2019 6:00,75.31703928,60.80677403,408,4.726143959,66.65257412,3584.555732
8/28/2019 12:00,69.96977287,68.03758335,45771.11111,4.53143844,67.48388555,2716.306954
8/28/2019 18:00,78.38270495,45.03976387,42259.88889,5.800007631,72.50072251,3137.639365
8/29/2019 0:00,82.98098956,32.83102994,81,3.219188846,59.71186262,3499.488331
8/29/2019 6:00,72.32990413,44.89935361,426,7.454069376,46.40303784,2770.727925
8/29/2019 12:00,63.0818767,59.2430253,46468.27586,12.75597431,50.48187595,2405.811084
8/29/2019 18:00,74.7763496,41.22055864,41830.72414,11.64857225,67.91844273,2741.064976
8/30/2019 0:00,82.00783846,31.31673802,66,5.145687501,68.72362645,3439.525231
8/30/2019 6:00,75.15792592,46.66552575,392,5.397248507,52.92621748,2976.051371
8/30/2019 12:00,67.13454013,60.26490694,45593.59091,7.556571179,63.08660211,2453.01446
8/30/2019 18:00,78.26994695,43.25743384,40150.90909,6.978969266,65.54634905,3022.89735
8/31/2019 0:00,86.83693261,26.25278266,53,0.791355039,57.93409019,3013.118701
8/31/2019 6:00,78.30614154,44.40783697,375,2.345451004,55.6569341,2637.854501
8/31/2019 12:00,69.55219279,60.3402853,45099.5,5.373578933,56.77182796,2427.950925
8/31/2019 18:00,81.66582394,41.37604104,34243,3.161297604,66.19669029,2521.189272
